acc_id,survival_time
7,9
16,9
22,29
39,36
51,29
55,29
70,29
83,29
87,23
109,29
110,29
114,29
153,24
236,29
254,29
272,43
278,37
395,29
399,29
417,24
438,23
469,9
514,29
530,36
535,24
551,37
600,29
601,23
639,36
660,29
752,27
773,33
818,29
821,22
824,24
844,28
869,29
891,29
943,29
960,29
975,29
991,16
994,37
1083,29
1158,29
1172,29
1188,29
1198,29
1217,29
1226,23
1228,29
1237,29
1238,29
1246,29
1253,51
1258,24
1268,40
1364,23
1373,29
1380,27
1408,36
1443,44
1465,29
1486,29
1508,29
1544,29
1545,22
1567,29
1584,29
1588,29
1643,29
1647,29
1648,29
1653,54
1701,29
1708,43
1718,29
1720,29
1723,29
1725,29
1740,60
1752,29
1762,29
1772,29
1791,58
1799,16
1809,37
1815,24
1846,9
1861,29
1895,37
1911,50
1963,31
1964,29
1980,29
1983,27
2003,29
2146,23
2153,29
2167,2
2218,24
2246,29
2261,37
2286,24
2309,36
2316,29
2331,22
2339,3
2347,29
2361,36
2364,29
2396,15
2401,29
2420,29
2440,37
2471,24
2490,29
2501,37
2613,1
2633,36
2650,29
2655,29
2689,37
2695,37
2714,29
2762,24
2767,29
2777,29
2811,1
2918,1
2981,29
3009,24
3038,29
3040,51
3072,11
3075,22
3083,29
3106,1
3115,15
3179,37
3197,9
3202,29
3243,43
3260,29
3332,29
3358,24
3360,36
3390,43
3426,36
3437,28
3479,31
3512,36
3543,28
3546,9
3547,31
3587,29
3593,29
3603,22
3612,23
3619,29
3660,29
3686,29
3687,29
3703,29
3713,29
3715,27
3735,29
3759,29
3782,1
3871,30
3896,36
3914,29
3969,37
4002,29
4055,29
4140,22
4159,37
4172,1
4178,29
4179,29
4194,29
4224,29
4348,29
4356,15
4362,30
4367,29
4369,29
4371,29
4372,43
4391,1
4400,29
4411,36
4415,10
4429,51
4450,24
4458,29
4483,37
4508,29
4515,22
4534,29
4581,29
4617,24
4620,29
4622,29
4670,1
4694,29
4716,29
4736,25
4771,29
4777,29
4793,9
4797,3
4822,27
4828,1
4858,29
4873,29
4981,29
4996,29
5114,29
5133,3
5156,23
5178,29
5181,36
5199,36
5223,29
5268,36
5294,15
5296,29
5326,26
5351,29
5362,29
5393,29
5401,37
5416,44
5449,37
5452,9
5512,29
5513,37
5519,29
5523,1
5544,29
5587,29
5606,29
5638,29
5714,36
5746,27
5756,9
5769,1
5775,24
5789,15
5796,1
5815,29
5823,29
5836,29
5926,23
5964,9
5966,29
5976,24
6001,9
6003,29
6016,29
6029,29
6083,29
6088,64
6105,36
6113,64
6145,36
6148,24
6149,29
6179,16
6181,1
6194,36
6197,29
6198,36
6205,29
6226,37
6240,29
6248,24
6271,24
6275,29
6321,29
6357,1
6407,29
6434,24
6456,29
6461,29
6528,29
6537,25
6554,29
6558,29
6653,50
6656,29
6659,1
6726,29
6778,1
6790,37
6899,27
6913,36
6948,37
6962,25
6988,29
7056,29
7061,29
7102,1
7112,15
7165,24
7172,3
7188,29
7250,29
7263,29
7282,29
7314,31
7320,29
7325,37
7343,29
7374,15
7378,1
7384,23
7397,24
7426,36
7464,9
7532,15
7551,29
7557,1
7569,3
7636,44
7675,36
7679,29
7708,1
7725,3
7737,23
7828,29
7863,29
7872,36
7894,24
7922,9
7957,24
7960,10
7972,37
8004,29
8030,23
8041,37
8066,60
8069,27
8072,29
8131,24
8172,27
8183,22
8207,1
8223,29
8260,29
8287,29
8302,9
8307,29
8310,1
8378,37
8385,10
8387,29
8411,29
8436,1
8471,29
8483,3
8511,9
8583,29
8616,29
8746,29
8748,29
8804,29
8835,29
8863,22
8870,39
8910,29
8918,1
8940,36
8954,22
8972,27
8985,23
9000,29
9004,15
9024,29
9072,29
9103,29
9134,29
9160,15
9266,1
9272,9
9322,30
9387,36
9394,27
9396,26
9444,29
9446,1
9484,15
9504,29
9518,29
9540,29
9566,1
9580,1
9605,15
9619,1
9644,29
9666,24
9688,29
9695,36
9722,29
9856,60
9893,29
9912,29
9938,25
9975,36
10004,26
10015,27
10119,29
10127,23
10145,57
10189,9
10201,28
10205,29
10232,36
10239,29
10263,15
10287,9
10302,1
10342,29
10378,23
10411,37
10425,29
10449,29
10472,24
10479,24
10513,36
10556,24
10591,22
10609,22
10614,29
10672,16
10674,29
10731,58
10736,29
10781,29
10793,28
10819,29
10835,29
10865,1
10917,29
10948,24
10956,29
10958,1
10998,44
11027,24
11048,24
11075,60
11131,27
11140,29
11143,34
11186,36
11203,22
11211,29
11219,29
11243,29
11251,24
11267,28
11271,30
11337,36
11355,29
11362,16
11390,51
11414,29
11415,22
11591,29
11592,50
11622,29
11624,37
11640,23
11683,29
11691,24
11697,25
11699,24
11801,37
11844,29
11944,29
11950,9
12023,24
12039,29
12057,9
12058,29
12252,24
12317,24
12326,1
12344,29
12372,23
12387,22
12406,36
12421,36
12425,29
12426,15
12475,24
12476,29
12498,29
12518,29
12570,11
12576,24
12586,24
12588,16
12631,36
12648,36
12659,29
12711,29
12723,37
12728,37
12753,29
12779,27
12864,29
12924,10
12955,29
13016,29
13054,29
13067,27
13106,1
13117,29
13120,29
13194,29
13205,29
13214,37
13231,29
13264,24
13290,16
13296,24
13320,29
13328,37
13340,51
13354,29
13363,29
13391,16
13393,36
13474,30
13475,9
13476,43
13478,27
13543,29
13545,36
13552,43
13553,10
13606,29
13691,29
13744,29
13755,29
13768,29
13778,29
13781,54
13784,15
13792,9
13804,29
13827,17
13898,36
13909,24
13920,29
13958,29
13993,29
13997,29
14067,1
14071,29
14098,41
14108,29
14139,29
14152,64
14154,29
14245,29
14290,29
14293,29
14309,15
14326,36
14378,29
14436,29
14469,27
14480,1
14486,24
14522,16
14555,36
14560,29
14592,29
14636,28
14682,1
14687,36
14692,23
14726,29
14748,29
14764,29
14767,29
14812,36
14832,36
14836,29
14846,1
14847,9
14880,29
14887,24
14952,58
14979,23
14990,21
15013,22
15049,3
15112,15
15115,41
15135,1
15164,24
15166,36
15191,36
15264,29
15286,29
15305,23
15311,29
15346,29
15365,29
15368,29
15401,29
15446,29
15479,30
15516,29
15548,29
15588,24
15603,1
15615,29
15644,29
15648,18
15709,29
15750,1
15775,22
15801,1
15828,29
15842,29
15860,29
15906,36
15935,27
15939,29
15966,50
16025,36
16067,29
16072,29
16093,26
16100,15
16108,44
16146,36
16214,1
16216,29
16232,36
16265,29
16267,9
16300,27
16307,37
16309,29
16333,1
16340,29
16394,30
16427,29
16453,36
16497,1
16505,36
16515,29
16536,29
16541,36
16547,23
16556,29
16571,29
16601,29
16634,29
16673,29
16691,29
16710,24
16728,1
16785,36
16830,29
16886,29
16921,1
16942,22
16991,29
17048,9
17059,24
17115,36
17124,29
17130,23
17149,29
17177,24
17188,29
17197,29
17255,29
17272,29
17347,29
17369,30
17372,29
17424,1
17533,27
17537,29
17552,22
17559,29
17571,29
17669,15
17670,22
17672,28
17688,29
17692,29
17721,29
17755,29
17775,29
17804,24
17850,41
17852,36
17933,24
17956,29
17966,29
17975,29
17993,37
17996,15
18066,29
18114,24
18115,24
18118,29
18149,22
18178,29
18229,9
18230,1
18303,24
18304,24
18322,22
18333,29
18369,10
18372,15
18406,8
18412,29
18477,29
18484,36
18488,29
18517,29
18537,16
18548,37
18562,9
18572,23
18637,29
18658,22
18679,51
18767,29
18846,29
18853,29
18899,29
18905,37
18929,9
18948,29
19062,29
19079,28
19098,29
19105,58
19111,9
19120,40
19152,29
19155,29
19160,22
19265,29
19290,15
19329,1
19350,50
19381,29
19396,26
19404,24
19449,64
19465,29
19505,9
19507,29
19523,29
19538,9
19580,3
19588,29
19591,29
19592,43
19646,29
19653,28
19658,37
19679,29
19714,36
19731,1
19740,29
19747,29
19763,17
19790,1
19791,29
19797,29
19807,64
19823,29
19844,24
19864,9
19904,37
19962,29
19990,24
20021,37
20036,29
20040,29
20056,29
20066,23
20091,29
20103,29
20140,24
20143,29
20173,29
20194,27
20209,29
20213,29
20225,29
20243,36
20261,24
20311,36
20360,15
20381,29
20400,37
20424,22
20457,29
20461,9
20476,29
20545,29
20550,29
20552,29
20557,29
20610,1
20611,29
20632,9
20644,29
20667,29
20668,1
20670,29
20738,29
20743,15
20746,16
20751,29
20753,24
20758,26
20760,34
20796,46
20827,51
20843,24
20893,29
20983,17
20994,29
21014,29
21026,29
21060,36
21063,24
21097,37
21102,29
21108,29
21130,29
21134,29
21138,36
21167,29
21217,29
21223,10
21224,17
21252,29
21254,23
21276,36
21304,29
21337,1
21342,36
21380,9
21397,24
21423,1
21437,23
21445,29
21456,29
21462,36
21475,29
21485,29
21494,29
21499,29
21529,29
21531,29
21559,23
21579,34
21587,23
21600,29
21631,29
21634,29
21644,9
21664,27
21676,29
21714,36
21720,29
21741,50
21751,29
21762,36
21805,15
21833,24
21913,23
21929,9
21955,29
21994,36
22008,24
22010,36
22075,29
22114,29
22146,29
22156,3
22159,29
22162,24
22180,29
22183,29
22187,29
22298,29
22301,29
22322,29
22324,29
22335,29
22346,24
22362,29
22375,29
22400,29
22405,23
22424,29
22455,51
22488,22
22537,37
22548,29
22585,29
22628,29
22643,28
22675,29
22692,1
22710,29
22718,29
22730,29
22737,50
22747,16
22781,50
22782,37
22885,29
22899,27
22900,36
22924,29
22942,29
22992,29
23016,27
23032,16
23062,18
23084,31
23092,24
23123,9
23202,23
23206,16
23255,1
23303,37
23306,29
23380,29
23383,9
23385,36
23388,1
23396,54
23450,23
23458,29
23476,29
23486,29
23488,29
23509,29
23537,9
23545,1
23559,64
23581,29
23582,15
23583,43
23594,24
23597,29
23609,9
23625,29
23659,29
23672,1
23702,25
23703,8
23712,29
23722,37
23743,1
23760,27
23768,36
23777,44
23789,29
23809,9
23848,3
23892,1
23932,22
23972,29
23973,29
23982,29
23989,29
23993,9
24021,29
24032,29
24034,1
24037,58
24043,29
24056,24
24092,8
24093,24
24107,29
24136,36
24137,29
24162,29
24167,29
24168,24
24194,29
24205,29
24235,24
24254,8
24274,29
24275,8
24277,28
24285,37
24294,29
24341,23
24367,1
24399,29
24407,29
24429,36
24433,9
24445,29
24449,16
24451,30
24463,29
24519,29
24527,23
24529,29
24565,36
24568,29
24579,27
24588,29
24612,15
24628,29
24721,1
24767,36
24789,26
24797,16
24825,29
24844,29
24852,23
24889,23
24908,29
24912,29
24928,29
24942,29
24964,23
24969,1
25044,29
25053,29
25073,36
25143,29
25148,29
25153,1
25182,15
25199,63
25223,29
25286,29
25310,29
25324,29
25325,29
25335,29
25346,50
25352,9
25411,29
25422,29
25430,27
25450,37
25453,29
25461,9
25516,29
25524,16
25526,16
25542,29
25548,29
25556,36
25579,29
25602,9
25616,29
25617,29
25683,29
25699,30
25709,15
25720,30
25732,9
25735,29
25760,9
25774,29
25786,29
25790,64
25798,29
25832,37
25835,22
25866,29
25878,29
25893,36
25928,30
25939,28
25958,29
25982,36
26049,27
26090,1
26108,29
26111,11
26149,29
26177,29
26179,54
26183,9
26227,29
26272,16
26307,29
26325,27
26330,29
26352,29
26373,24
26382,1
26388,29
26398,29
26404,1
26407,58
26412,29
26418,24
26494,36
26509,16
26549,31
26565,34
26586,41
26587,29
26627,3
26675,29
26769,27
26777,9
26788,29
26807,15
26819,9
26829,9
26845,29
26858,29
26859,29
26865,9
26890,29
26898,37
26936,29
26948,29
26969,36
26972,36
26980,24
27021,29
27053,36
27078,24
27088,1
27116,16
27121,29
27166,29
27191,29
27269,29
27287,29
27288,29
27303,24
27309,24
27369,29
27396,29
27411,29
27414,16
27458,29
27490,24
27527,29
27542,1
27544,29
27649,29
27712,54
27738,30
27757,29
27774,24
27779,29
27791,29
27825,29
27847,1
27878,37
27923,27
27956,15
27993,29
28014,36
28018,29
28046,29
28055,17
28127,29
28142,29
28209,29
28210,9
28241,30
28313,29
28316,1
28400,27
28401,24
28404,23
28427,36
28494,29
28522,36
28614,16
28619,29
28635,29
28643,15
28650,37
28664,29
28684,29
28706,29
28749,29
28750,29
28795,24
28816,23
28833,29
28837,29
28857,29
28868,15
28884,29
28966,27
29017,37
29037,30
29061,29
29139,9
29180,36
29185,23
29196,29
29200,29
29233,29
29290,29
29331,1
29382,29
29431,15
29444,22
29463,1
29585,64
29601,27
29614,29
29630,34
29651,26
29691,1
29697,29
29700,30
29705,22
29808,9
29867,50
29901,50
30028,9
30052,37
30066,29
30070,34
30094,29
30149,29
30167,37
30172,44
30200,16
30206,18
30227,37
30273,60
30296,29
30307,9
30335,1
30337,29
30346,29
30373,26
30382,29
30401,29
30412,29
30417,29
30430,1
30482,37
30493,24
30495,9
30533,24
30579,23
30613,29
30620,29
30672,37
30690,29
30691,15
30717,50
30775,15
30782,29
30805,24
30834,23
30845,29
30854,29
30856,29
30921,29
30944,30
30948,29
31018,29
31072,23
31091,24
31182,29
31228,30
31234,29
31238,17
31367,24
31405,27
31428,24
31464,29
31482,28
31526,29
31554,29
31555,29
31565,15
31573,1
31619,24
31623,22
31625,29
31631,1
31640,36
31645,29
31703,2
31717,1
31723,44
31731,29
31749,29
31754,37
31761,36
31876,29
31879,29
31906,37
31924,29
31946,29
31950,29
31951,29
31953,30
31954,9
31965,31
31986,29
32041,15
32068,29
32113,29
32152,29
32201,24
32238,29
32240,29
32270,29
32272,29
32277,37
32280,29
32297,28
32307,29
32309,27
32325,29
32407,29
32417,29
32423,24
32446,1
32491,31
32495,22
32512,29
32520,29
32560,22
32604,37
32636,43
32640,29
32653,29
32672,1
32673,29
32678,29
32688,24
32711,29
32822,29
32850,43
32858,29
32871,29
32880,29
32891,29
32938,15
32941,36
32973,36
32986,30
32989,36
32992,29
33077,3
33126,29
33149,29
33154,22
33156,29
33157,1
33168,29
33175,29
33185,1
33205,1
33209,8
33211,57
33215,29
33218,15
33361,15
33379,29
33408,29
33447,29
33602,29
33607,22
33617,29
33640,24
33667,29
33669,29
33678,61
33762,24
33766,27
33802,28
33807,29
33810,29
33829,1
33854,37
33864,27
33911,29
33914,1
34005,29
34014,29
34020,29
34031,29
34105,29
34129,1
34172,15
34235,29
34277,15
34291,24
34315,29
34348,9
34364,29
34371,36
34461,27
34466,29
34532,1
34537,15
34544,29
34574,29
34581,15
34646,64
34647,24
34698,2
34700,25
34715,37
34775,36
34803,1
34819,36
34827,29
34853,29
34883,29
34899,18
34915,36
34926,29
34953,29
34980,29
34981,9
34990,29
34997,29
35010,15
35019,29
35054,9
35142,29
35179,50
35227,29
35233,27
35239,29
35359,36
35378,15
35380,26
35383,29
35432,29
35433,29
35438,23
35485,16
35487,29
35491,9
35508,24
35561,29
35563,29
35572,29
35590,24
35629,29
35702,29
35754,1
35766,37
35767,30
35773,58
35788,29
35823,29
35843,37
35877,24
35879,29
35892,23
35901,30
36034,24
36072,29
36125,29
36194,16
36221,9
36261,9
36311,27
36319,29
36328,28
36337,29
36359,27
36384,29
36399,25
36400,29
36438,51
36451,29
36505,29
36555,25
36585,29
36586,28
36592,15
36643,15
36681,29
36774,24
36791,29
36860,44
36875,9
36879,29
36936,24
36961,1
36984,36
36989,1
37048,15
37224,29
37259,25
37261,3
37293,25
37301,29
37334,29
37353,22
37360,29
37375,29
37422,29
37443,29
37466,22
37467,22
37475,22
37479,1
37485,29
37488,23
37496,36
37540,29
37563,26
37574,29
37596,16
37652,36
37699,41
37734,9
37735,29
37802,1
37845,29
37950,27
37955,51
38001,15
38051,29
38052,29
38055,1
38059,1
38063,27
38069,60
38171,30
38172,36
38178,29
38202,29
38206,37
38323,29
38348,1
38366,1
38371,23
38385,15
38399,29
38428,27
38437,29
38454,58
38492,21
38556,30
38569,29
38581,29
38654,22
38708,44
38737,24
38749,29
38750,29
38757,29
38771,15
38772,30
38794,33
38802,29
38810,29
38843,29
38899,27
38903,29
38932,36
38960,29
38966,37
38971,1
39029,43
39045,29
39072,9
39143,33
39213,1
39239,29
39252,29
39269,22
39294,9
39364,24
39372,41
39390,29
39413,24
39473,29
39476,29
39488,27
39536,1
39540,29
39553,27
39567,27
39607,29
39628,22
39631,29
39651,22
39675,29
39691,29
39724,1
39752,1
39782,29
39804,29
39860,51
39866,22
39900,29
39908,29
39921,29
39932,29
39967,24
39995,24
40028,1
40070,29
40094,29
40127,29
40128,29
40158,36
40255,29
40327,1
40338,29
40400,36
40406,36
40438,23
40477,24
40533,16
40537,29
40558,1
40563,24
40610,29
40631,29
40691,36
40720,37
40741,24
40800,26
40861,28
40899,36
40998,16
41009,29
41060,50
41112,1
41182,29
41199,29
41222,29
41230,24
41245,1
41254,29
41363,24
41388,29
41397,29
41412,29
41418,36
41424,27
41435,29
41442,29
41570,24
41586,16
41605,24
41628,29
41631,29
41639,27
41642,29
41667,29
41673,29
41694,29
41703,29
41715,22
41732,29
41805,24
41811,37
41822,29
41855,51
41856,29
41858,29
41875,29
41935,27
41998,60
42034,29
42085,9
42139,29
42191,29
42211,28
42241,1
42251,15
42255,29
42435,15
42475,9
42500,29
42550,24
42569,29
42593,1
42663,58
42707,29
42712,29
42760,22
42774,29
42808,29
42816,29
42817,29
42830,1
42836,24
42842,24
42843,29
42878,29
42890,36
42916,29
42954,50
42956,36
42959,24
42982,24
42985,29
43002,29
43028,50
43046,9
43095,23
43104,29
43147,64
43153,29
43176,29
43236,23
43246,36
43247,9
43270,17
43279,29
43284,29
43322,29
43335,1
43345,1
43349,9
43375,15
43377,42
43397,29
43509,29
43544,29
43551,9
43557,9
43558,29
43560,28
43565,23
43577,8
43578,1
43589,36
43604,1
43630,1
43652,36
43681,29
43696,54
43710,27
43721,29
43741,29
43753,16
43759,1
43771,28
43785,29
43820,29
43868,36
43904,9
43938,29
43967,36
43979,29
43992,29
44039,1
44094,29
44096,22
44112,29
44125,29
44158,1
44210,29
44258,29
44278,29
44351,29
44354,29
44381,3
44396,29
44402,29
44457,23
44465,36
44490,15
44518,29
44526,29
44537,29
44660,9
44684,9
44685,28
44729,36
44733,24
44752,29
44845,26
44877,29
44880,29
44898,64
44915,29
44926,9
44939,29
44993,9
45011,29
45027,30
45068,25
45070,37
45140,29
45145,29
45157,29
45169,29
45209,29
45221,29
45226,29
45245,34
45263,29
45266,41
45280,30
45311,37
45321,29
45336,29
45369,29
45374,22
45391,29
45450,29
45607,29
45624,36
45659,29
45747,29
45759,1
45763,22
45767,50
45856,1
45866,3
45908,26
45923,29
45963,43
45969,29
45990,24
46006,29
46018,29
46069,36
46208,43
46209,29
46215,23
46247,36
46253,29
46266,29
46361,41
46402,24
46473,29
46521,29
46651,29
46655,36
46694,36
46712,29
46744,29
46791,29
46795,29
46800,24
46806,29
46818,29
46867,36
46869,33
46881,9
46893,27
46944,29
46949,24
46984,29
47003,29
47034,29
47040,9
47092,29
47172,1
47188,29
47208,29
47211,29
47236,37
47246,23
47278,29
47288,29
47310,22
47312,29
47338,24
47359,29
47372,24
47380,36
47470,29
47525,29
47526,29
47528,29
47600,29
47676,24
47699,29
47700,29
47714,22
47726,29
47751,1
47805,9
47829,36
47831,26
47852,29
47874,25
47877,36
47882,29
47886,29
47911,24
47916,37
47936,29
47948,23
47949,29
48035,29
48054,29
48070,29
48110,22
48112,29
48115,15
48188,29
48189,9
48204,29
48221,24
48224,29
48240,29
48329,12
48338,24
48340,29
48367,29
48397,1
48440,27
48448,1
48463,10
48504,29
48538,29
48608,55
48626,37
48630,29
48642,23
48673,29
48696,37
48716,29
48740,29
48761,36
48763,28
48797,29
48812,29
48831,29
48842,9
48863,27
48883,22
48895,1
48910,29
48916,29
48954,15
48994,24
49002,29
49008,24
49039,29
49117,15
49123,29
49125,29
49132,36
49194,9
49196,25
49253,1
49314,23
49372,36
49392,9
49433,24
49469,1
49474,29
49589,29
49597,29
49599,22
49601,29
49606,64
49610,9
49619,1
49627,29
49657,29
49705,16
49728,29
49749,29
49759,29
49775,28
49795,29
49801,22
49821,24
49826,3
49976,29
49995,29
49997,29
50000,29
50037,23
50055,1
50075,29
50077,29
50090,3
50095,26
50105,29
50116,9
50131,29
50133,29
50201,29
50242,1
50275,36
50323,29
50342,36
50358,29
50377,9
50390,29
50468,29
50472,37
50495,23
50579,22
50583,29
50612,29
50628,30
50630,29
50646,29
50699,29
50705,29
50738,29
50776,27
50796,9
50818,29
50819,29
50851,29
50868,29
50892,1
50897,29
50932,1
50938,29
50969,24
50988,37
51000,43
51003,23
51007,29
51039,29
51055,36
51082,1
51132,29
51134,36
51142,1
51151,29
51156,29
51159,22
51189,24
51190,26
51194,1
51201,29
51233,29
51255,29
51262,1
51283,29
51307,29
51333,29
51350,27
51373,24
51402,24
51452,29
51509,29
51519,29
51526,44
51528,9
51533,36
51552,29
51554,29
51556,29
51619,29
51684,29
51729,16
51736,29
51760,29
51776,29
51783,22
51799,8
51836,29
51944,29
51950,29
51962,29
51967,25
52133,29
52148,43
52268,29
52292,1
52334,9
52377,26
52381,39
52385,24
52427,26
52453,29
52537,36
52542,29
52582,36
52606,1
52607,24
52628,29
52632,29
52652,29
52656,24
52668,9
52678,37
52679,29
52771,9
52797,34
52819,27
52837,10
52839,29
52843,3
52893,30
52901,23
52965,29
53012,29
53052,29
53126,24
53135,25
53182,15
53216,29
53228,29
53264,24
53268,29
53271,8
53316,29
53349,24
53351,29
53500,51
53510,43
53513,37
53540,24
53561,16
53717,58
53723,1
53757,29
53769,22
53778,29
53783,25
53842,24
53851,29
53869,36
53885,15
53908,24
53912,9
53938,29
53970,29
54008,51
54011,9
54022,23
54063,23
54119,24
54132,36
54165,43
54211,29
54248,57
54249,43
54290,24
54337,37
54363,24
54366,29
54392,49
54405,29
54415,29
54425,8
54430,29
54505,29
54513,43
54525,22
54530,29
54542,9
54561,29
54572,16
54577,29
54610,29
54616,22
54654,29
54673,29
54674,29
54799,16
54813,29
54815,24
54851,1
54873,28
54892,25
54935,1
55004,27
55036,29
55062,15
55090,29
55114,22
55205,57
55244,37
55281,29
55305,9
55316,37
55334,36
55415,29
55426,1
55431,50
55439,22
55480,10
55491,29
55525,37
55526,29
55547,29
55571,36
55575,29
55580,22
55620,37
55667,29
55675,26
55751,37
55755,28
55791,29
55802,1
55845,29
55847,29
55851,29
55877,64
55911,23
55914,9
55944,24
55947,29
55975,29
56017,24
56024,23
56030,29
56056,9
56059,41
56084,24
56085,29
56132,29
56138,8
56162,37
56172,29
56193,43
56197,36
56198,29
56215,37
56231,24
56271,29
56291,29
56302,37
56327,29
56338,39
56346,50
56350,9
56355,29
56359,36
56368,29
56419,23
56430,36
56488,29
56493,24
56511,23
56550,8
56583,29
56622,9
56641,23
56664,29
56690,9
56716,29
56739,41
56744,1
56754,29
56788,29
56797,9
56805,29
56826,29
56839,29
56856,36
56857,9
56872,15
56893,22
56899,29
56908,29
56914,29
56916,30
56935,29
56951,1
56957,29
57005,29
57024,29
57086,24
57133,29
57169,37
57193,37
57256,9
57294,27
57301,29
57317,29
57364,29
57388,22
57424,3
57425,36
57439,43
57464,29
57496,29
57513,50
57546,1
57679,15
57698,29
57759,24
57785,1
57788,9
57829,1
57837,9
57843,12
57882,17
57903,29
57959,29
57966,29
57994,1
57996,29
58083,29
58130,9
58159,29
58223,50
58225,29
58266,36
58267,64
58377,29
58417,43
58423,30
58434,10
58460,36
58462,29
58486,29
58492,29
58495,3
58562,28
58575,1
58593,29
58623,24
58634,24
58638,15
58662,8
58663,29
58706,24
58716,29
58718,29
58720,31
58728,9
58732,29
58752,29
58789,31
58792,24
58799,9
58804,29
58822,22
58831,34
58843,15
58845,29
58857,29
58872,27
58878,17
58881,29
58896,9
59021,29
59085,51
59104,29
59105,1
59152,58
59155,29
59161,1
59195,37
59221,9
59236,24
59239,42
59254,9
59287,29
59297,16
59304,9
59308,9
59367,29
59375,29
59416,64
59428,29
59474,29
59493,15
59496,29
59576,3
59594,29
59596,29
59618,36
59657,37
59680,36
59765,29
59804,1
59817,29
59841,27
59885,1
59892,24
59928,15
59932,43
59963,24
60006,9
60017,50
60020,16
60101,36
60115,17
60122,23
60133,16
60168,29
60225,29
60267,29
60278,27
60298,15
60300,29
60301,1
60373,29
60394,29
60413,29
60439,58
60477,30
60487,15
60504,24
60508,1
60509,15
60532,37
60542,29
60555,43
60573,8
60581,29
60666,51
60681,29
60702,29
60721,24
60725,29
60732,23
60733,37
60744,1
60787,36
60809,23
60830,29
60844,29
60856,29
60872,60
60881,23
60890,2
60894,29
60923,29
60939,29
61026,3
61042,29
61112,29
61118,58
61121,29
61147,29
61153,29
61154,1
61185,27
61208,29
61272,9
61292,29
61325,1
61404,29
61440,16
61442,29
61456,29
61462,29
61503,29
61593,24
61622,29
61628,29
61691,16
61735,1
61778,29
61862,23
61863,29
61928,15
61940,24
61946,29
61993,64
62010,29
62035,24
62057,9
62094,22
62123,23
62154,24
62208,15
62210,29
62214,36
62239,24
62241,34
62285,29
62299,37
62300,29
62307,1
62308,24
62320,36
62326,29
62372,9
62389,1
62412,29
62450,24
62468,36
62484,29
62505,37
62524,1
62663,23
62797,41
62801,29
62803,29
62831,29
62855,40
62900,29
62910,29
62959,44
63003,36
63008,43
63055,16
63060,29
63072,57
63127,9
63151,29
63180,29
63187,1
63201,24
63202,29
63221,1
63249,29
63257,27
63285,29
63291,29
63307,9
63325,29
63346,23
63358,29
63399,36
63405,29
63418,29
63467,29
63504,29
63507,64
63530,29
63562,29
63629,29
63720,29
63722,22
63724,9
63731,29
63766,29
63790,9
63800,26
63810,16
63823,29
63850,29
63867,29
63880,29
63891,24
63900,27
63905,24
63930,22
63953,16
64106,29
64116,28
64166,29
64170,43
64195,24
64217,9
64270,29
64275,36
64293,51
64317,15
64357,29
64380,58
64389,30
64460,29
64527,29
64595,29
64606,24
64718,22
64757,23
64768,29
64769,29
64795,30
64842,29
64868,26
64891,29
64895,22
65101,29
65109,27
65143,29
65155,17
65168,29
65207,24
65243,15
65246,1
65270,29
65311,50
65333,16
65334,29
65359,27
65388,29
65428,24
65436,29
65459,29
65477,37
65536,29
65565,37
65588,36
65610,29
65617,29
65644,29
65655,24
65665,29
65723,29
65731,29
65742,29
65796,24
65834,29
65855,24
65872,37
65876,29
65961,29
65989,29
66028,30
66037,24
66071,64
66081,29
66099,29
66116,29
66125,29
66146,29
66201,1
66259,15
66261,29
66275,29
66294,29
66304,29
66404,29
66423,22
66424,29
66428,36
66435,29
66450,24
66462,26
66467,29
66469,29
66479,24
66517,29
66524,29
66533,29
66546,29
66551,29
66571,29
66595,29
66609,58
66612,32
66618,29
66624,3
66643,37
66680,36
66769,29
66772,9
66788,29
66799,29
66816,29
66818,29
66819,23
66832,29
66865,47
66883,24
66906,34
66907,29
66988,24
67063,29
67071,24
67086,37
67131,24
67141,22
67146,29
67212,29
67239,36
67332,29
67371,29
67477,23
67497,29
67513,29
67545,29
67573,24
67579,17
67608,29
67665,29
67681,29
67685,29
67707,43
67710,29
67773,26
67774,24
67780,29
67811,29
67815,29
67882,29
67887,51
67935,29
67959,9
68003,36
68062,9
68210,36
68211,24
68213,27
68223,24
68232,24
68264,29
68319,54
68345,29
68395,23
68433,29
68447,9
68460,29
68480,1
68489,29
68510,51
68521,22
68548,24
68552,60
68565,51
68569,29
68654,29
68685,36
68745,22
68747,18
68774,26
68777,29
68779,24
68826,29
68843,29
68892,29
68954,16
69010,29
69011,16
69024,27
69030,29
69048,29
69059,29
69099,29
69125,25
69150,58
69170,29
69172,1
69173,1
69179,23
69269,29
69270,29
69272,1
69283,29
69372,29
69379,29
69405,24
69424,24
69432,36
69459,29
69475,9
69541,29
69618,29
69619,29
69621,30
69630,40
69650,33
69689,29
69732,51
69746,29
69758,36
69767,23
69795,29
69821,29
69857,45
69907,3
69948,36
69969,37
69992,29
69998,22
70017,36
70074,29
70095,29
70105,23
70107,37
70141,29
70158,29
70177,29
70295,23
70371,29
70395,29
70415,29
70469,1
70493,29
70539,28
70540,58
70588,29
70603,29
70616,29
70638,9
70639,29
70655,29
70695,29
70700,29
70707,22
70717,29
70720,29
70761,9
70789,29
70814,29
70824,29
70842,29
70844,29
70874,15
70896,29
70916,29
70919,30
70925,29
70999,36
71008,29
71017,15
71088,1
71111,24
71126,29
71141,30
71152,1
71193,29
71201,29
71259,29
71275,8
71289,1
71301,29
71375,29
71410,50
71445,29
71446,29
71465,24
71506,41
71523,22
71541,29
71583,29
71591,29
71593,29
71620,1
71627,27
71643,22
71657,29
71658,27
71661,64
71686,39
71759,36
71793,28
71822,29
71826,30
71867,9
71890,23
71896,1
71900,27
71947,29
71996,29
72000,16
72005,29
72019,29
72036,37
72072,29
72076,24
72080,36
72107,50
72149,16
72244,36
72246,29
72247,36
72270,29
72292,1
72300,25
72320,37
72323,29
72328,39
72412,29
72421,29
72444,22
72463,36
72469,29
72484,23
72487,24
72533,51
72559,29
72577,37
72592,30
72684,24
72693,29
72770,9
72776,27
72781,36
72790,24
72821,29
72841,9
72850,29
72871,29
72909,29
72920,24
72925,29
72946,29
72957,29
72972,1
72980,24
72998,15
73006,28
73049,9
73102,27
73128,29
73150,29
73191,57
73220,29
73225,23
73261,9
73267,29
73302,24
73310,29
73347,29
73379,37
73474,15
73554,9
73598,29
73613,27
73636,15
73643,1
73648,27
73772,29
73797,29
73800,29
73811,1
73820,29
73829,37
73883,29
73946,29
73984,9
73986,29
73998,36
74017,29
74023,29
74138,29
74204,29
74205,29
74267,29
74345,28
74363,29
74431,29
74551,29
74560,29
74602,29
74660,24
74686,23
74720,29
74721,36
74739,29
74742,22
74751,29
74754,29
74775,24
74783,36
74785,29
74795,29
74853,24
74865,29
74931,29
74937,29
74997,29
75028,29
75080,37
75110,15
75144,29
75216,29
75224,29
75236,9
75306,34
75327,9
75329,15
75331,29
75333,37
75370,29
75398,28
75437,24
75444,24
75459,36
75460,29
75463,37
75482,16
75500,1
75509,29
75546,29
75556,29
75572,24
75583,29
75636,29
75638,64
75647,36
75716,27
75748,29
75772,1
75774,29
75836,9
75873,29
75882,29
75904,1
75950,36
75956,29
75982,27
76007,22
76045,29
76058,34
76112,29
76132,29
76207,24
76234,15
76241,1
76255,10
76266,29
76271,29
76281,24
76391,24
76486,23
76520,1
76548,9
76582,29
76604,15
76618,36
76619,17
76652,41
76653,24
76665,29
76685,9
76715,22
76739,1
76749,29
76780,36
76793,29
76799,24
76825,1
76840,29
76922,44
76961,24
76969,1
76971,29
76973,2
77013,17
77045,29
77070,29
77088,1
77103,3
77124,23
77144,29
77181,1
77250,1
77288,30
77305,29
77310,36
77313,24
77337,29
77369,1
77376,29
77421,24
77432,29
77450,29
77455,29
77496,1
77530,36
77540,29
77569,36
77579,23
77655,29
77668,29
77695,29
77732,24
77743,15
77760,24
77773,16
77794,15
77809,9
77813,29
77830,49
77848,24
77885,9
77891,29
77913,34
77964,29
77996,12
78031,9
78046,1
78069,29
78075,24
78116,26
78126,29
78183,36
78207,9
78236,29
78267,29
78277,15
78298,43
78309,9
78318,1
78330,29
78338,16
78380,30
78381,29
78387,29
78394,29
78400,27
78428,34
78471,29
78499,37
78502,29
78524,29
78548,23
78589,9
78735,41
78739,29
78744,64
78851,1
78876,37
78880,22
78906,1
78909,29
78928,24
78933,23
79088,9
79152,36
79170,10
79197,23
79199,29
79246,29
79257,24
79292,29
79360,37
79407,9
79419,29
79421,24
79422,29
79550,29
79565,43
79580,25
79641,3
79642,29
79650,29
79672,1
79678,23
79771,29
79802,60
79810,29
79818,29
79863,29
79911,29
79935,29
79994,24
80045,24
80074,57
80079,29
80100,23
80101,29
80152,29
80154,22
80181,29
80234,27
80279,29
80280,36
80299,29
80331,36
80343,29
80369,29
80423,29
80461,29
80466,29
80470,29
80491,29
80553,29
80572,29
80621,29
80637,29
80652,22
80688,1
80725,24
80739,15
80780,29
80816,29
80840,39
80892,29
80976,22
81004,27
81022,29
81080,29
81083,24
81104,1
81113,29
81143,22
81158,29
81170,1
81175,29
81179,49
81185,29
81198,58
81209,15
81246,34
81348,29
81395,1
81410,29
81413,29
81428,29
81456,24
81525,29
81542,1
81569,22
81602,29
81619,29
81692,29
81722,27
81732,36
81743,9
81758,64
81764,27
81797,29
81814,64
81865,29
81868,36
81885,29
81886,29
81900,22
81918,9
81983,29
82064,27
82075,37
82082,29
82087,1
82127,1
82142,36
82181,29
82182,22
82190,23
82241,24
82244,29
82247,29
82259,29
82293,1
82359,39
82361,27
82377,16
82402,29
82439,29
82485,26
82500,9
82554,29
82597,29
82651,25
82661,29
82663,9
82667,29
82721,36
82755,29
82756,23
82761,29
82764,29
82775,27
82788,36
82815,9
82828,29
82832,29
82864,9
82879,29
82887,29
82902,29
82914,10
82929,29
82951,24
82965,22
83057,9
83066,24
83122,37
83279,29
83360,29
83364,36
83390,24
83406,1
83427,29
83441,24
83450,29
83498,15
83522,24
83536,24
83607,29
83633,29
83668,23
83671,29
83694,29
83735,29
83747,23
83752,1
83759,1
83760,31
83766,29
83773,29
83824,29
83857,29
83863,27
83909,43
83934,1
84053,29
84106,29
84122,9
84123,3
84171,10
84172,29
84186,29
84227,24
84228,37
84263,60
84301,8
84348,29
84399,26
84412,29
84433,15
84442,29
84466,9
84496,30
84509,29
84513,15
84521,29
84522,29
84556,36
84610,51
84621,29
84622,22
84636,24
84662,44
84668,43
84687,29
84736,9
84759,24
84770,28
84779,30
84838,36
84841,29
84852,29
84882,29
84884,9
84885,24
84920,23
84923,29
84931,29
84959,29
84975,29
84989,29
85009,9
85068,22
85136,29
85153,36
85158,29
85250,29
85268,1
85273,9
85314,23
85324,15
85334,29
85336,29
85344,27
85349,29
85366,29
85374,17
85409,29
85425,24
85430,29
85436,43
85463,23
85533,9
85543,24
85554,29
85596,36
85597,29
85606,8
85707,24
85782,26
85827,64
85917,1
85924,24
85938,49
85963,29
86075,36
86087,36
86090,22
86132,54
86188,29
86235,29
86247,29
86268,29
86274,22
86287,29
86318,16
86324,29
86333,29
86365,29
86374,36
86393,37
86399,1
86433,1
86453,39
86462,9
86486,29
86488,29
86549,29
86613,29
86635,8
86649,29
86650,29
86652,29
86688,9
86716,1
86731,43
86758,50
86786,29
86822,29
86823,15
86827,9
86846,60
86854,9
86856,37
86986,15
87001,58
87005,22
87039,34
87040,25
87079,16
87096,29
87132,9
87146,30
87154,29
87182,29
87253,22
87284,29
87286,58
87409,43
87413,30
87474,29
87491,24
87519,24
87533,23
87544,29
87561,1
87562,37
87596,29
87615,29
87633,30
87634,29
87660,37
87661,29
87697,29
87712,25
87721,29
87736,24
87757,29
87772,22
87878,64
87898,29
87916,1
87924,29
87946,23
87953,9
87955,29
87984,29
88045,9
88060,29
88106,29
88110,9
88136,29
88142,29
88152,24
88219,29
88233,29
88239,9
88245,29
88276,9
88285,29
88299,1
88312,29
88316,1
88356,29
88442,24
88450,9
88462,29
88510,29
88543,29
88552,24
88590,3
88592,3
88593,29
88599,29
88656,29
88666,29
88706,26
88732,37
88825,22
88853,36
88869,1
88885,29
88900,24
88910,29
88916,24
89045,10
89072,29
89086,22
89143,29
89149,29
89163,37
89201,1
89267,29
89274,29
89275,24
89291,15
89300,9
89329,64
89335,18
89355,17
89372,22
89393,24
89407,26
89437,29
89470,29
89503,29
89548,27
89561,29
89565,29
89581,24
89583,29
89594,23
89602,29
89613,29
89623,23
89629,29
89733,27
89756,36
89771,29
89783,29
89786,29
89870,23
89875,29
89878,37
89883,29
89891,37
89934,22
89995,8
89999,29
90002,29
90015,27
90085,58
90087,1
90100,36
90133,37
90152,44
90286,32
90315,10
90330,29
90357,1
90362,29
90396,29
90402,27
90412,29
90432,16
90450,24
90457,29
90475,30
90509,28
90519,29
90522,29
90537,29
90569,29
90571,29
90598,43
90611,29
90612,29
90614,29
90623,29
90628,1
90632,29
90670,29
90707,24
90723,29
90741,16
90759,37
90775,50
90783,22
90794,24
90808,29
90814,24
90816,36
90817,29
90823,29
90827,1
90839,29
90876,28
90933,29
90986,22
91036,29
91037,36
91039,44
91045,22
91059,29
91079,22
91113,24
91132,29
91143,29
91189,29
91259,29
91275,29
91326,36
91338,36
91359,36
91379,29
91393,22
91415,23
91464,29
91482,25
91492,23
91535,27
91549,29
91586,9
91611,24
91648,29
91654,29
91689,29
91695,1
91746,29
91759,24
91765,24
91803,1
91884,17
91903,29
92009,29
92011,29
92026,29
92133,9
92136,24
92187,60
92196,29
92217,29
92257,29
92260,29
92312,29
92371,25
92374,3
92428,29
92470,43
92607,24
92614,29
92615,22
92637,22
92645,23
92655,29
92663,27
92666,29
92688,15
92740,29
92750,29
92752,30
92761,37
92767,29
92833,1
92860,29
92861,8
92876,36
92893,15
92965,29
92968,23
93007,29
93010,29
93033,50
93040,29
93048,29
93078,29
93099,9
93101,51
93134,36
93142,1
93185,9
93208,36
93289,1
93325,29
93342,29
93357,29
93377,29
93389,29
93390,23
93425,29
93426,27
93432,29
93463,29
93525,64
93527,29
93531,29
93543,3
93569,29
93590,29
93625,57
93628,22
93648,1
93677,29
93679,29
93689,23
93712,36
93713,3
93722,1
93748,24
93784,24
93792,24
93806,28
93834,29
93847,29
93850,29
93876,15
93886,9
93924,29
93925,29
93941,24
93943,37
93947,36
93969,29
93981,43
93985,36
93994,35
94082,29
94105,37
94122,22
94303,29
94348,29
94374,15
94375,9
94378,3
94398,15
94400,29
94426,24
94441,16
94494,29
94496,25
94499,29
94511,36
94523,50
94585,29
94619,8
94621,29
94624,25
94655,29
94671,47
94695,29
94730,21
94754,36
94772,29
94811,29
94823,29
94827,29
94871,24
94891,22
94912,29
94970,30
95015,1
95050,9
95069,36
95080,29
95120,29
95136,36
95155,29
95159,29
95191,27
95203,29
95211,1
95221,29
95246,16
95323,29
95336,1
95340,24
95347,36
95384,24
95386,29
95400,29
95404,9
95442,24
95484,29
95492,36
95502,1
95523,43
95539,3
95571,36
95596,9
95622,29
95663,29
95680,9
95688,50
95702,29
95731,29
95788,29
95805,36
95816,29
95824,36
95850,1
95862,29
95878,26
95883,23
95924,24
95957,1
95979,16
96154,36
96180,54
96196,29
96210,23
96239,30
96259,29
96273,29
96277,27
96286,36
96289,29
96303,29
96410,15
96431,29
96472,1
96494,29
96499,23
96520,43
96529,15
96560,37
96590,27
96622,29
96655,44
96762,36
96773,29
96834,34
96848,29
96892,29
96931,24
96987,29
97002,36
97062,29
97116,29
97129,29
97170,1
97176,24
97233,29
97235,37
97255,29
97269,29
97275,29
97279,29
97289,29
97346,29
97349,1
97402,3
97457,29
97464,15
97466,29
97471,24
97483,29
97523,36
97544,28
97545,24
97565,29
97607,60
97608,24
97636,15
97658,1
97670,27
97684,29
97724,23
97740,23
97758,8
97843,47
97864,24
97871,29
97894,9
97929,29
97942,1
97944,60
97946,22
97954,27
97963,25
97996,30
98051,29
98053,15
98069,9
98074,29
98135,24
98165,37
98214,22
98245,29
98250,29
98288,26
98333,29
98357,30
98401,29
98419,29
98424,47
98469,43
98474,24
98475,29
98486,24
98488,29
98489,27
98502,25
98510,29
98558,29
98610,29
98651,9
98653,29
98666,29
98684,29
98708,29
98712,29
98720,29
98769,44
98798,29
98834,29
98851,3
98903,36
98906,29
98960,27
98965,29
99002,29
99047,37
99048,29
99056,26
99057,29
99072,29
99073,29
99122,29
99152,27
99178,1
99234,29
99238,36
99266,43
99276,37
99281,23
99315,29
99332,29
99334,64
99350,36
99377,1
99404,1
99487,23
99510,1
99563,24
99565,16
99585,29
99614,29
99670,29
99679,36
99688,29
99737,29
99740,36
99780,22
99781,29
99808,29
99836,29
99841,36
99864,29
99867,29
99899,29
99925,24
99928,29
99952,27
100022,29
100030,1
100042,1
100056,27
100170,36
100187,24
100221,29
100271,29
100308,37
100329,37
100341,36
100393,29
100394,27
100420,1
100424,29
100441,9
100451,29
100457,8
100474,1
100493,1
100543,60
100579,29
100580,29
100588,50
100645,29
100646,36
100695,22
100697,29
100716,29
100728,36
100758,29
100789,50
100854,9
100860,24
100863,24
100934,36
100955,1
100990,9
100995,36
100998,29
101016,36
101068,50
101071,24
101082,24
101087,1
101098,29
101119,29
101137,17
101177,36
101252,50
101268,29
101274,60
101276,22
101326,54
101379,27
101404,25
101425,29
101453,44
101497,29
101514,36
101528,29
101621,24
101686,27
101704,28
101713,29
101760,9
101775,1
101788,29
101790,29
101823,29
101833,1
101866,29
101868,36
101886,29
101908,29
101969,29
102010,29
102036,24
102041,8
102073,1
102082,29
102094,29
102128,51
102140,54
102183,9
102184,3
102205,43
102216,37
102226,16
102240,34
102254,29
102269,24
102272,25
102289,9
102310,24
102330,30
102331,9
102409,29
102442,1
102505,29
102534,29
102539,27
102548,24
102598,1
102612,29
102657,23
102693,27
102702,1
102751,29
102761,37
102778,37
102782,29
102835,37
102910,61
102918,43
102928,29
102950,29
102985,1
102993,29
103005,29
103021,9
103035,29
103064,52
103080,36
103081,18
103108,29
103154,29
103159,36
103179,9
103199,64
103207,50
103217,30
103241,15
103257,1
103270,29
103295,22
103332,16
103356,29
103363,29
103419,29
103446,45
103501,36
103568,9
103574,29
103599,27
103639,36
103647,37
103697,39
103699,9
103731,29
103764,29
103805,29
103818,29
103863,46
103867,29
103906,23
103926,22
103928,29
103945,29
103985,23
103987,29
103996,29
104012,22
104040,1
104062,22
104084,25
104094,24
104095,29
104199,36
104204,29
104269,15
104305,36
104311,29
104324,29
104349,24
104350,24
104391,26
104435,10
104493,29
104517,15
104524,17
104525,36
104555,36
104557,29
104654,29
104655,29
104692,3
104707,60
104709,29
104736,2
104796,27
104808,29
104850,36
104862,9
104865,24
104877,29
104882,29
104889,29
104912,29
104939,34
104951,37
104967,29
104995,29
105003,36
105010,29
105015,29
105017,24
105050,29
105052,29
105093,29
105097,1
105114,36
105152,15
105196,27
105200,29
105317,30
105322,29
105389,29
105411,23
105444,25
105498,29
105508,29
105509,36
105538,60
105562,1
105584,41
105614,26
105615,29
105628,29
105639,29
105649,9
105655,29
105728,29
105735,60
105740,29
105779,26
105783,29
105804,9
105856,29
105884,29
105955,50
105963,29
105978,29
105987,24
105998,1
106052,29
106164,9
106200,24
106220,9
106223,1
106247,16
106255,27
106293,29
106298,29
106329,27
106385,1
106392,22
106416,29
106438,29
106439,29
106444,29
106470,29
106475,36
106506,36
106534,16
106567,36
106608,36
106611,29
106648,29
106656,36
106661,29
106732,29
106759,29
106857,24
106881,1
106884,24
106900,36
106908,9
106960,3
106973,1
106996,9
107008,37
107056,29
107111,27
107119,15
107130,27
107137,23
107141,28
107178,29
107186,29
107207,29
107259,29
107261,23
107268,10
107297,29
107332,29
107342,29
107393,29
107400,29
107431,22
107443,29
107467,1
107480,23
107486,24
107489,29
107570,29
107610,29
107620,29
107655,37
107664,37
107679,36
107688,29
107690,1
107711,1
107720,15
107759,27
107761,24
107777,26
107783,29
107787,29
107791,29
107813,24
107856,29
107887,29
107900,24
107904,22
107928,28
107943,29
107945,9
107953,29
107979,24
108053,26
108059,1
108072,29
108108,29
108122,29
108182,24
108228,29
108238,29
108240,29
108324,24
108327,36
108350,23
108408,9
108411,23
108420,29
108422,30
108425,23
108428,37
108502,29
108520,23
108590,9
108593,23
108597,60
108601,29
108623,37
108633,37
108676,29
108693,29
108716,9
108738,22
108767,29
108779,36
108783,36
108811,27
108827,29
108845,29
108854,36
108870,23
108939,29
108953,9
108963,29
108971,50
109021,3
109026,37
109029,22
109038,29
109048,37
109053,8
109088,1
109091,9
109094,29
109104,9
109116,1
109176,23
109199,36
109260,29
109338,29
109350,24
109351,29
109366,37
109458,30
109461,29
109473,29
109496,29
109511,36
109528,29
109536,22
109543,9
109554,29
109556,27
109571,43
109603,1
109615,29
109620,31
109627,29
109668,29
109692,29
109701,29
109709,29
109749,29
109761,29
109811,24
109850,37
109903,30
109907,29
109941,22
109959,24
109972,29
110005,24
110013,29
110014,37
110019,64
110035,22
110060,29
110138,29
110146,29
110188,29
110232,29
110287,29
110295,29
110296,29
110299,29
110387,36
110396,36
110440,29
110472,24
110569,29
110575,29
110589,29
110613,36
110615,29
110687,28
110715,50
110721,23
110762,29
110769,29
110778,24
110786,15
110851,9
110879,8
110882,29
110906,29
110910,3
110951,9
110952,29
110967,24
110969,34
110996,26
110999,3
111000,58
111050,8
111084,9
111090,29
111093,27
111098,36
111109,23
111121,29
111134,29
111147,22
111150,29
111165,22
111174,29
111186,57
111304,10
111320,15
111323,22
111354,64
111356,44
111357,29
111362,29
111386,36
111389,29
111403,51
111405,15
111442,29
111446,29
111455,27
111471,36
111485,29
111520,29
111536,29
111580,29
111602,31
111633,27
111648,9
111653,26
111692,29
111710,29
111741,29
111894,40
111905,23
111933,25
111973,36
112033,29
112052,22
112077,23
112158,9
112215,29
112225,29
112309,29
112329,29
112384,29
112386,29
112405,15
112438,29
112455,1
112489,37
112526,43
112549,24
112578,29
112596,36
112599,26
112608,29
112625,29
112668,29
112729,8
112840,3
112936,29
112952,29
112954,24
112956,29
112991,37
113011,29
113026,36
113032,29
113035,27
113041,27
113062,37
113094,24
113141,24
113145,29
113153,29
113246,29
113269,16
113303,24
113384,29
113403,23
113411,29
113436,24
113461,36
113469,57
113534,22
113554,29
113561,29
113569,3
113570,29
113636,26
113687,29
113704,29
113725,23
113740,36
113786,36
113862,10
113912,37
113927,22
113939,29
114029,23
114034,16
114055,29
114136,15
114157,36
114178,29
114208,29
114236,25
114242,29
114245,29
114265,29
114286,29
114319,29
114322,29
114376,27
114417,29
114441,29
114456,54
114470,9
114534,24
114571,27
114600,16
114626,29
114649,3
114659,29
114665,29
114712,36
114730,29
114765,24
114787,22
114801,50
114830,29
114853,44
114855,22
114870,27
114910,15
114931,9
114936,29
114952,36
114955,43
114979,1
114990,15
115017,22
115047,1
115052,29
115129,29
115170,29
115245,29
115313,9
115318,29
115343,29
115347,29
115384,24
115462,1
115478,29
115491,29
115540,24
115558,31
115574,30
115581,23
115595,9
115621,36
115624,24
115654,29
115661,22
115682,1
115704,15
115722,36
115749,24
115773,29
115792,29
115816,29
115824,22
115860,29
115947,1
115960,1
115973,1
115980,29
115987,30
115990,9
116049,29
116050,31
116061,29
116088,29
116092,24
116133,9
116150,23
116161,27
116170,1
116171,1
116193,1
116199,29
116268,29
116279,29
116310,29
116319,29
116353,29
116354,30
116421,29
116468,29
116472,44
116481,29
116578,29
116618,9
116621,29
116636,29
116695,9
116702,29
116723,29
116770,36
116796,29
116817,29
116852,36
116888,16
116899,29
116906,29
116936,29
116982,36
117027,43
117028,29
117039,16
117054,29
117079,29
117106,29
117132,23
117158,36
117166,36
117168,1
117180,29
117198,1
117202,29
117214,23
117225,64
117236,9
117246,29
117334,36
117419,29
117462,24
117466,29
117475,29
117481,28
117482,25
117491,29
117541,24
117562,29
117570,29
117596,29
117614,64
117635,29
117641,17
117680,43
117684,36
117705,29
117744,9
117769,29
117770,29
117815,60
117852,29
117866,29
117887,9
117896,29
117935,29
117936,50
118025,29
118049,29
118098,23
118101,23
118126,1
118165,29
118176,29
118183,37
118185,29
118188,43
118199,29
118223,23
118235,29
118250,29
118281,27
118298,29
118317,24
118337,29
118358,29
118363,22
118399,29
118465,1
118475,29
118494,9
118495,41
118498,29
118564,1
118570,29
118616,9
118664,29
118683,15
118746,22
118780,24
118798,26
118833,3
118846,29
118858,29
118875,29
118917,23
118918,23
118967,29
118992,24
119036,1
119042,29
119051,29
119054,29
119071,29
119085,29
119130,29
119132,37
119193,29
119204,24
119233,29
119251,16
119303,30
119305,29
119318,16
119319,30
119423,43
119467,40
119471,29
119505,15
119524,58
119525,36
119532,23
119573,37
119578,29
119580,27
119584,29
119609,34
119630,29
119680,29
119709,24
119715,29
119794,29
119812,64
119816,1
119851,29
119857,29
119940,29
119954,36
119957,64
119996,15
120028,1
120041,29
120046,9
120056,27
120063,9
120076,9
120080,1
120107,60
120119,27
120140,36
120160,29
120207,51
120238,23
120251,25
120254,29
120262,37
120296,22
120306,24
120350,29
120420,24
120424,37
120443,15
120453,29
120456,1
120469,22
120474,24
120512,29
120528,29
120553,1
120563,29
120585,29
120591,29
120645,29
120658,29
120752,23
120756,1
120788,50
120793,29
120814,50
120825,29
120828,17
120849,29
120857,29
120863,29
120870,17
120885,29
120905,29
120935,29
120940,36
120987,29
120988,29
121002,1
121030,27
121054,16
121058,27
121064,37
121109,29
121142,1
121173,29
121197,24
121240,29
121256,29
121261,15
121290,1
121334,15
121341,36
121342,29
121343,1
121360,36
121401,9
121433,36
121489,29
121495,29
121551,29
121589,29
121598,23
121615,29
121657,36
121661,29
121773,30
121788,29
121816,29
121856,16
122029,50
122045,29
122066,9
122125,1
122167,37
122199,1
122263,1
122267,29
122277,29
122351,29
122382,29
122383,10
122388,29
122393,29
122423,29
122478,29
122579,36
122599,9
122631,22
122635,8
122684,29
122710,36
122772,29
122789,33
122796,23
122867,24
122902,29
122937,37
122973,24
122974,29
122988,29
122996,37
123001,36
123056,29
123092,29
123149,1
123181,29
123195,23
123217,24
123226,37
123262,23
123295,29
123349,25
123351,29
123392,9
123408,1
123421,29
123427,1
123537,15
123649,29
123650,60
123729,16
123740,29
123754,29
123851,37
123870,29
123880,29
123881,23
123926,16
123990,29
123999,29
124022,26
124086,24
124137,29
124146,41
124155,29
124178,29
124191,29
124192,29
124197,1
124210,22
124241,3
124282,9
124298,16
124302,58
124310,22
124328,36
124360,1
124393,30
124419,29
124428,24
124435,22
124463,22
124472,1
124526,23
124551,29
124574,36
124583,29
124613,9
124697,29
124730,37
124753,29
124835,9
124845,29
124963,24
124967,24
124993,29
125043,15
125136,30
125156,29
125178,23
125232,9
125240,1
125265,36
125266,15
125272,22
125285,29
125332,24
125363,29
125404,23
125425,29
125438,9
125468,29
125494,29
125521,29
125585,26
125588,27
125636,37
125670,24
125690,30
125695,29
125738,9
125744,37
125759,29
125814,36
125817,29
125839,29
125877,36
125878,29
125886,29
125910,29
125933,23
125953,22
125962,36
125967,42
125999,22
126013,16
126083,64
126102,11
126147,27
126187,41
126195,29
126215,29
126353,24
126362,22
126401,24
126423,1
126448,10
126455,29
126515,29
126516,22
126542,37
126543,29
126597,27
126644,44
126656,29
126692,1
126695,31
126803,36
126829,29
126832,29
126869,29
126898,24
126927,36
126951,24
126973,36
126974,29
126979,23
127019,24
127053,29
127076,60
127082,10
127088,29
127092,27
127098,29
127107,27
127139,23
127141,29
127190,23
127191,29
127195,1
127210,29
127213,29
127252,29
127277,36
127390,31
127391,29
127403,29
127438,22
127449,27
127454,24
127492,29
127515,29
127537,44
127571,24
127574,1
127577,29
127696,37
127703,1
127798,26
127807,22
127819,29
127897,29
127903,29
127916,29
127944,29
127974,15
127982,1
127983,40
127984,29
127993,9
128123,30
128134,29
128169,29
128199,15
128216,36
128299,41
128306,29
128343,29
128374,29
128385,29
128410,29
128412,9
128421,28
128441,3
128458,29
128460,29
128465,29
128479,37
128487,1
128503,1
128511,36
128592,23
128604,29
128632,37
128641,29
128740,29
128810,24
128827,29
128907,36
128954,15
128983,52
129045,29
129054,29
129058,23
129106,22
129112,27
129121,36
129171,34
129197,17
129205,29
129238,9
129246,27
129357,24
129378,37
129394,29
129407,1
129412,29
129502,25
129513,24
129527,37
129559,36
129566,24
129573,29
129619,9
129649,55
129666,9
129667,29
129672,29
129681,58
129689,29
129799,15
129800,9
129874,1
129886,29
129932,17
129935,27
129941,29
129950,37
129961,27
130019,3
130060,24
130088,15
130093,29
130121,16
130123,37
130134,37
130158,29
130170,1
130175,29
130237,29
130284,29
130302,18
130306,22
130321,29
130329,9
130331,36
130395,22
130426,36
130450,1
130466,26
